Transaction_Amount,Timestamp,Location,Transaction_Type,Merchant_Category_Code,User_Transaction_History,Device_Information,Card_Type,Is_Fraud
2202.78,2023-09-05 11:16:17,UK,online,electronics,1838.24,desktop,credit,0
4123.33,2023-02-13 13:35:46,UK,online,electronics,4970.2,desktop,credit,0
4949.83,2023-08-05 16:53:26,DE,in-store,clothing,3165.45,mobile,debit,0
1502.32,2023-06-10 03:52:37,US,in-store,clothing,4189.23,desktop,debit,0
3554.63,2023-06-12 14:37:47,US,in-store,restaurant,4850.84,desktop,debit,0
3302.28,2023-08-25 00:31:10,DE,international,grocery,1610.05,mobile,credit,1
2016.56,2023-08-05 20:22:12,DE,international,restaurant,3000.03,desktop,credit,1
2684.22,2023-10-26 00:44:22,CA,in-store,clothing,654.08,mobile,credit,0
3073.67,2023-04-17 07:27:11,CA,online,clothing,137.49,desktop,debit,0
3985.85,2023-07-17 16:29:15,US,international,restaurant,1926.08,desktop,credit,0
4486.06,2023-08-16 18:31:57,US,in-store,grocery,1436.95,tablet,credit,1
869.21,2023-06-16 09:08:57,DE,online,electronics,1175.48,mobile,debit,0
1096.91,2023-05-01 03:18:47,CA,online,electronics,4630.99,mobile,credit,1
3849.03,2023-06-06 01:31:00,DE,in-store,restaurant,4574.12,desktop,credit,0
569.01,2023-07-20 05:12:59,DE,international,electronics,3122.98,tablet,credit,1
254.98,2023-03-20 03:07:25,DE,in-store,electronics,4624.67,mobile,debit,1
4857.69,2023-08-26 14:43:23,DE,online,restaurant,3281.21,desktop,credit,1
3205.43,2023-09-01 08:33:35,CA,online,electronics,357.41,desktop,debit,0
2622.04,2023-08-12 09:06:37,UK,in-store,restaurant,2094.77,desktop,credit,1
4191.54,2023-04-08 13:51:51,CA,online,clothing,1351.21,tablet,debit,0
399.35,2023-02-19 21:29:36,CA,international,electronics,4840.36,mobile,debit,1
3396.5,2023-03-16 16:24:43,US,in-store,restaurant,795.9,desktop,debit,0
4052.75,2023-03-24 06:58:50,DE,online,grocery,2064.3,tablet,credit,1
511.41,2023-04-24 15:06:03,DE,in-store,restaurant,1035.58,tablet,debit,1
787.35,2023-09-21 12:16:46,US,online,electronics,2986.19,desktop,credit,0
4260.26,2023-04-07 01:32:21,UK,online,electronics,3427.98,tablet,credit,0
2603.18,2023-01-14 09:50:40,DE,international,clothing,1617.76,mobile,debit,1
1575.49,2023-01-27 21:42:40,UK,international,clothing,2986.31,mobile,credit,0
568.98,2023-04-21 05:36:15,UK,in-store,clothing,4359.37,desktop,credit,1
1966.92,2023-05-13 07:41:08,DE,in-store,grocery,3563.71,mobile,debit,0
1608.32,2023-03-30 02:10:11,US,in-store,clothing,4321.21,mobile,debit,1
4967.45,2023-03-31 08:57:09,US,online,electronics,2571.3,desktop,debit,0
2950.8,2023-01-15 09:05:24,CA,in-store,restaurant,2304.89,tablet,credit,0
1315.32,2023-05-06 04:58:20,US,in-store,restaurant,334.11,mobile,credit,1
4235.51,2023-09-20 10:01:54,DE,international,electronics,3865.59,desktop,credit,0
1610.68,2023-08-12 23:51:41,DE,international,restaurant,2393.16,mobile,credit,1
130.86,2023-04-10 12:09:19,DE,international,restaurant,3817.65,mobile,credit,0
2246.39,2023-10-12 18:37:29,CA,in-store,electronics,518.83,mobile,credit,1
1049.7,2023-05-30 06:42:56,DE,in-store,restaurant,898.08,desktop,credit,0
374.41,2023-05-04 02:26:56,UK,international,restaurant,336.68,tablet,credit,0
742.74,2023-10-25 18:24:16,UK,online,clothing,2890.27,tablet,debit,0
3667.54,2023-04-24 12:04:50,UK,in-store,electronics,683.45,desktop,debit,0
251.9,2023-05-28 22:39:11,US,online,electronics,4694.74,desktop,credit,1
3556.9,2023-09-22 12:35:53,DE,in-store,clothing,943.13,mobile,credit,1
2504.7,2023-05-10 11:46:08,US,in-store,clothing,2489.38,mobile,debit,1
467.35,2023-08-30 00:23:47,CA,online,restaurant,4497.21,tablet,credit,0
935.94,2023-06-11 16:22:26,UK,in-store,clothing,3771.48,tablet,credit,1
1994.59,2023-08-23 19:38:18,CA,international,restaurant,3785.12,mobile,debit,1
708.97,2023-02-28 19:03:03,UK,international,clothing,183.28,desktop,debit,1
4421.44,2023-08-10 17:13:31,CA,in-store,grocery,4867.4,tablet,credit,1
3124.2,2023-06-11 04:34:21,US,in-store,restaurant,1286.52,mobile,credit,1
3920.88,2023-09-23 13:02:20,DE,in-store,grocery,280.89,tablet,debit,1
2505.95,2023-01-16 11:41:43,UK,in-store,grocery,4461.09,mobile,credit,0
1812.16,2023-10-03 12:29:05,DE,online,clothing,497.5,mobile,credit,0
2475.39,2023-07-25 22:38:01,UK,international,grocery,946.01,desktop,credit,0
2551.28,2023-03-24 01:07:26,US,in-store,grocery,1966.54,mobile,debit,0
668.76,2023-08-04 19:55:59,US,online,electronics,3651.95,mobile,credit,0
2242.86,2023-04-11 05:11:47,DE,online,clothing,3329.16,mobile,credit,0
1959.94,2023-04-07 12:45:08,DE,in-store,electronics,1179.66,desktop,credit,1
4445.53,2023-02-19 08:29:20,CA,online,grocery,4014.73,desktop,credit,1
1447.18,2023-04-01 00:10:29,CA,in-store,clothing,1506.97,tablet,debit,1
3221.87,2023-09-05 17:10:12,CA,in-store,restaurant,493.89,mobile,debit,0
2317.48,2023-04-22 20:18:52,CA,online,grocery,3879.05,tablet,debit,1
652.22,2023-07-23 20:20:30,CA,international,grocery,2846.56,mobile,credit,0
3267.5,2023-06-14 10:33:45,US,international,grocery,2684.29,tablet,credit,0
2795.87,2023-10-28 17:14:58,CA,online,clothing,3167.93,desktop,debit,1
2445.26,2023-01-20 18:03:06,CA,online,clothing,724.16,mobile,credit,1
2527.55,2023-05-23 10:56:52,UK,international,clothing,1537.69,desktop,debit,1
2226.54,2023-04-25 11:59:55,UK,international,electronics,2641.59,tablet,debit,0
1760.9,2023-05-20 12:38:15,UK,in-store,clothing,3276.26,desktop,credit,1
744.5,2023-04-12 21:38:16,CA,international,clothing,1967.8,tablet,debit,1
2365.67,2023-07-18 07:09:08,UK,online,restaurant,2354.17,mobile,credit,0
4959.09,2023-10-06 22:54:43,UK,international,clothing,3809.22,desktop,credit,0
4356.2,2023-01-12 09:58:50,CA,in-store,electronics,2958.68,mobile,debit,1
1530.26,2023-08-08 21:23:41,UK,online,restaurant,2156.47,desktop,credit,0
1578.05,2023-02-21 06:24:45,CA,in-store,grocery,1914.37,desktop,debit,0
3153.68,2023-02-27 04:02:56,DE,in-store,electronics,599.02,mobile,credit,1
203.39,2023-01-28 02:30:27,US,international,restaurant,3173.58,desktop,debit,1
3851.25,2023-02-14 06:48:52,DE,in-store,restaurant,2025.53,tablet,debit,1
1139.51,2023-02-25 11:16:52,DE,in-store,restaurant,4083.93,mobile,credit,1
75.64,2023-09-30 12:59:41,UK,online,restaurant,1502.91,mobile,debit,1
890.98,2023-01-07 05:04:56,CA,online,electronics,3000.77,mobile,credit,1
3411.8,2023-10-15 02:01:46,DE,in-store,clothing,2758.35,desktop,debit,0
2235.7,2023-01-26 02:58:32,US,international,restaurant,1711.21,mobile,debit,0
314.82,2023-02-02 05:52:07,US,international,electronics,4281.83,tablet,credit,0
1324.88,2023-01-26 02:38:58,UK,online,restaurant,4806.62,desktop,debit,0
1234.13,2023-05-08 14:48:31,DE,international,grocery,302.79,tablet,credit,1
1180.35,2023-07-01 19:04:59,US,online,restaurant,1152.76,desktop,credit,0
4897.74,2023-07-03 21:17:33,US,international,restaurant,1759.13,mobile,debit,1
4674.97,2023-01-01 10:26:44,CA,online,grocery,3890.28,mobile,debit,1
3828.08,2023-09-17 00:24:15,UK,in-store,restaurant,241.26,mobile,debit,1
2176.35,2023-04-01 04:42:38,UK,international,restaurant,1972.66,desktop,debit,0
2487.35,2023-10-16 02:12:39,DE,in-store,grocery,4841.02,mobile,credit,1
2370.13,2023-06-18 17:53:20,UK,online,grocery,4239.28,mobile,debit,1
1746.71,2023-05-26 03:56:57,UK,online,electronics,2118.25,mobile,debit,0
1051.74,2023-05-23 10:13:38,US,online,clothing,784.35,desktop,credit,0
91.35,2023-03-17 19:21:48,DE,international,grocery,3039.99,mobile,credit,1
1377.67,2023-03-29 01:43:53,DE,online,clothing,1025.44,tablet,credit,0
3009.3,2023-06-22 00:03:43,UK,online,grocery,2621.69,desktop,credit,1
2764.39,2023-09-16 18:40:07,US,online,grocery,3067.01,mobile,credit,1
2301.89,2023-03-07 03:51:22,DE,in-store,clothing,1193.62,desktop,credit,0
548.28,2023-04-03 00:56:06,US,international,grocery,4180.02,desktop,credit,0
4680.85,2023-09-27 19:56:34,UK,online,grocery,913.41,mobile,credit,0
3850.16,2023-04-17 18:03:47,CA,international,restaurant,3937.82,desktop,debit,1
1392.26,2023-04-07 06:11:33,DE,international,clothing,189.82,desktop,credit,0
3269.12,2023-10-09 01:11:46,UK,online,restaurant,1963.77,mobile,debit,1
4147.92,2023-03-08 13:17:21,CA,in-store,electronics,1128.93,desktop,credit,1
1195.55,2023-04-25 06:50:10,CA,online,restaurant,2775.24,tablet,credit,0
3546.82,2023-10-21 03:53:49,CA,international,clothing,1668.45,tablet,credit,0
3638.56,2023-08-03 02:36:17,US,international,grocery,2194.13,desktop,debit,1
257.97,2023-07-01 08:59:50,CA,online,restaurant,432.59,tablet,debit,0
4212.05,2023-03-16 19:08:40,US,in-store,clothing,205.23,desktop,credit,1
610.38,2023-01-14 00:47:13,DE,international,clothing,3667.96,mobile,debit,0
2525.83,2023-01-14 17:08:30,US,online,restaurant,1685.81,tablet,debit,1
4881.0,2023-07-24 12:06:16,US,in-store,clothing,3716.44,desktop,credit,1
1678.91,2023-06-13 14:29:17,CA,online,restaurant,643.99,tablet,credit,0
3640.11,2023-06-17 09:48:29,DE,international,clothing,3917.63,desktop,credit,1
2337.93,2023-03-24 22:48:38,DE,in-store,grocery,2081.38,desktop,debit,1
1831.86,2023-10-27 01:00:13,DE,international,grocery,1390.37,mobile,debit,1
2963.36,2023-04-08 10:46:02,UK,online,electronics,2507.34,tablet,credit,1
212.13,2023-04-10 16:02:51,US,online,grocery,4843.01,desktop,debit,1
818.74,2023-07-05 00:08:11,DE,international,electronics,4258.59,mobile,credit,1
2517.69,2023-06-04 19:54:52,UK,online,clothing,232.09,mobile,debit,1
3541.36,2023-04-24 18:02:55,US,online,restaurant,4372.37,desktop,debit,0
3922.24,2023-04-12 11:48:53,US,in-store,restaurant,1959.69,desktop,credit,1
1147.12,2023-02-01 00:30:24,US,international,electronics,1588.61,mobile,debit,0
1851.36,2023-08-10 15:27:23,US,online,clothing,4667.97,mobile,debit,1
3764.74,2023-01-28 15:34:31,DE,in-store,restaurant,112.3,tablet,debit,0
1977.41,2023-02-24 08:03:35,US,in-store,electronics,3639.95,desktop,credit,1
3792.22,2023-06-01 08:23:00,DE,international,restaurant,2007.1,mobile,credit,0
1750.75,2023-01-06 03:51:15,DE,online,clothing,3804.99,desktop,debit,0
3664.93,2023-01-27 19:27:32,US,international,electronics,2774.75,mobile,credit,1
1097.62,2023-07-01 23:46:58,US,international,restaurant,4721.43,desktop,debit,0
2068.49,2023-09-01 17:02:25,CA,international,restaurant,1149.22,desktop,credit,0
210.95,2023-02-26 09:24:36,US,online,electronics,875.17,desktop,debit,0
558.16,2023-10-02 19:55:27,CA,international,restaurant,3372.96,mobile,debit,1
4547.58,2023-10-21 08:31:58,UK,in-store,electronics,4348.57,tablet,credit,1
3743.79,2023-01-02 08:02:53,US,in-store,grocery,4084.2,tablet,credit,0
4312.14,2023-05-06 12:46:01,CA,international,restaurant,3211.13,desktop,debit,1
3045.71,2023-03-11 12:29:58,US,online,clothing,4204.32,tablet,credit,1
3768.82,2023-05-14 17:24:33,UK,in-store,grocery,333.59,desktop,credit,1
2872.05,2023-01-20 11:07:02,DE,online,restaurant,3824.18,desktop,credit,0
921.06,2023-07-09 00:34:50,UK,online,restaurant,4533.14,desktop,debit,1
3865.8,2023-06-19 02:39:50,CA,in-store,grocery,385.69,tablet,debit,1
1555.4,2023-01-14 07:07:49,CA,international,clothing,4994.7,mobile,credit,1
3205.66,2023-04-24 17:02:35,US,in-store,electronics,423.37,mobile,credit,0
4346.73,2023-10-21 07:37:29,UK,online,electronics,3048.57,tablet,debit,0
2909.35,2023-03-29 22:00:44,UK,in-store,grocery,3732.77,desktop,credit,0
3211.98,2023-05-08 00:25:09,DE,international,clothing,2717.48,tablet,credit,1
2386.56,2023-05-24 13:29:34,CA,international,restaurant,3461.47,mobile,debit,0
4126.79,2023-03-15 19:15:27,UK,online,grocery,2165.86,mobile,debit,1
620.38,2023-09-26 13:50:10,CA,online,electronics,4237.92,tablet,credit,1
347.09,2023-10-27 21:57:10,US,international,clothing,2436.06,mobile,debit,0
2901.79,2023-08-31 01:01:39,DE,online,grocery,1813.25,mobile,credit,0
2342.58,2023-07-13 08:48:32,US,international,clothing,3737.74,mobile,credit,0
3829.58,2023-07-04 09:50:45,CA,in-store,electronics,1949.48,tablet,credit,0
932.17,2023-02-25 21:31:40,CA,international,clothing,1327.78,mobile,debit,1
4113.62,2023-10-09 02:00:09,DE,international,clothing,1851.95,desktop,debit,0
3644.58,2023-08-20 16:07:35,UK,online,electronics,1607.79,mobile,credit,1
1486.8,2023-01-01 19:01:01,US,in-store,grocery,4987.19,tablet,credit,0
708.28,2023-05-10 01:48:21,UK,online,clothing,4226.91,tablet,debit,1
2192.76,2023-07-28 11:48:28,CA,online,clothing,1505.78,desktop,debit,1
2046.69,2023-02-14 05:29:08,DE,international,restaurant,3011.07,mobile,credit,0
4744.93,2023-01-01 16:16:34,UK,international,grocery,1676.05,mobile,credit,1
4092.56,2023-03-20 16:04:28,US,in-store,grocery,2766.32,mobile,credit,1
885.0,2023-04-03 09:24:43,US,online,grocery,4191.96,tablet,debit,0
3668.12,2023-02-28 04:29:48,CA,in-store,clothing,4209.75,tablet,debit,0
4302.07,2023-01-07 23:56:03,UK,online,grocery,793.85,desktop,credit,0
2920.2,2023-05-06 15:40:10,UK,in-store,restaurant,4367.46,mobile,credit,1
4318.22,2023-05-20 10:16:39,CA,in-store,electronics,2126.65,tablet,debit,1
4579.97,2023-04-04 23:20:41,CA,in-store,grocery,2615.56,desktop,credit,1
2503.44,2023-04-16 02:23:55,CA,in-store,restaurant,1273.53,tablet,debit,0
4089.1,2023-01-31 11:45:47,UK,international,restaurant,3473.95,tablet,debit,0
1699.76,2023-08-13 00:14:31,CA,international,electronics,3705.51,desktop,debit,1
3948.75,2023-01-02 15:39:33,US,in-store,electronics,1145.23,mobile,debit,0
4881.29,2023-06-06 21:45:49,CA,in-store,electronics,2040.53,mobile,debit,1
2178.56,2023-04-03 18:31:31,UK,in-store,electronics,4552.2,mobile,credit,0
3752.65,2023-06-06 18:14:05,CA,international,restaurant,2467.83,desktop,credit,0
4931.65,2023-07-04 06:59:06,DE,international,grocery,1620.73,tablet,credit,1
1892.59,2023-08-10 13:17:44,UK,international,electronics,4114.46,tablet,credit,0
3868.3,2023-04-30 17:11:57,DE,online,grocery,1108.05,mobile,debit,1
1870.57,2023-04-28 04:29:21,CA,international,grocery,4962.56,desktop,debit,1
4736.86,2023-02-11 10:28:43,UK,online,electronics,380.61,desktop,debit,0
4526.42,2023-03-08 09:57:31,DE,in-store,electronics,346.19,mobile,credit,0
2333.07,2023-02-22 18:12:08,UK,in-store,clothing,3911.57,tablet,credit,1
4648.06,2023-03-20 00:19:07,US,in-store,clothing,1835.0,desktop,credit,1
1004.18,2023-06-15 20:56:44,CA,online,restaurant,165.54,mobile,debit,1
4281.25,2023-01-12 11:34:58,CA,in-store,electronics,4261.64,tablet,credit,1
4216.57,2023-09-13 13:39:37,UK,online,grocery,4375.72,tablet,credit,0
308.74,2023-05-15 01:51:19,UK,in-store,clothing,4773.14,mobile,credit,0
3687.58,2023-01-23 10:22:38,DE,in-store,restaurant,1515.14,mobile,debit,0
4400.84,2023-09-02 21:56:05,US,in-store,grocery,2571.75,mobile,credit,0
1314.15,2023-10-27 17:22:56,UK,in-store,restaurant,2355.44,mobile,credit,0
4590.8,2023-03-23 21:52:29,CA,online,restaurant,3752.16,desktop,credit,1
529.07,2023-02-15 06:44:31,CA,online,electronics,2861.69,tablet,credit,0
2626.67,2023-02-24 10:29:55,US,online,electronics,2188.85,tablet,credit,1
2173.47,2023-09-24 08:35:03,DE,international,clothing,752.8,desktop,debit,1
4759.33,2023-06-08 02:03:09,CA,international,restaurant,1487.43,mobile,debit,0
3645.8,2023-03-06 18:54:39,US,in-store,grocery,3578.65,tablet,debit,1
2525.21,2023-09-10 13:08:49,UK,in-store,restaurant,2833.59,desktop,debit,1
2504.41,2023-02-06 16:18:16,DE,international,clothing,1219.79,desktop,credit,0
4606.36,2023-01-02 17:50:27,UK,online,restaurant,2089.47,desktop,debit,1
4573.98,2023-03-06 01:21:04,DE,online,grocery,3281.7,desktop,debit,0
4706.73,2023-05-23 16:17:54,UK,in-store,restaurant,3775.45,mobile,credit,0
2488.68,2023-01-06 17:36:45,UK,online,clothing,2051.75,desktop,debit,1
948.9,2023-09-10 22:55:23,UK,international,grocery,4684.71,tablet,debit,0
1337.99,2023-02-10 15:51:54,CA,international,clothing,3598.16,tablet,credit,1
2767.99,2023-01-06 01:15:12,US,online,restaurant,194.21,tablet,credit,1
3190.45,2023-10-10 04:28:23,DE,international,restaurant,3236.9,mobile,debit,1
4489.87,2023-07-31 11:44:14,UK,in-store,restaurant,2202.94,tablet,debit,1
4376.96,2023-10-04 00:34:32,US,online,restaurant,1931.11,tablet,debit,0
3602.24,2023-05-12 11:35:56,DE,in-store,grocery,1933.88,mobile,credit,0
449.91,2023-10-03 19:15:06,US,in-store,electronics,1845.8,tablet,credit,1
1077.47,2023-03-10 02:55:00,DE,international,clothing,370.35,tablet,credit,1
2997.4,2023-08-19 23:22:38,US,online,clothing,4467.32,tablet,credit,0
2958.16,2023-05-22 00:58:17,US,international,clothing,2036.83,desktop,debit,0
504.18,2023-04-16 20:06:56,UK,in-store,restaurant,4634.96,desktop,debit,1
1974.62,2023-06-17 15:08:04,UK,online,clothing,133.95,tablet,credit,0
4551.42,2023-01-05 15:11:19,US,online,clothing,3183.91,tablet,debit,0
4897.15,2023-02-09 19:44:07,UK,international,clothing,2760.32,tablet,debit,1
532.01,2023-02-03 19:42:46,DE,in-store,electronics,4255.35,tablet,credit,1
1821.07,2023-06-06 07:15:17,UK,online,grocery,3189.97,desktop,credit,0
962.13,2023-10-20 15:58:06,CA,in-store,restaurant,268.6,desktop,credit,1
3625.98,2023-06-11 15:32:21,CA,international,electronics,909.75,desktop,debit,1
4000.75,2023-07-15 22:45:48,UK,international,clothing,4122.92,desktop,credit,0
3299.23,2023-06-06 23:57:53,US,online,restaurant,2389.89,mobile,credit,1
218.68,2023-01-03 02:36:23,US,in-store,grocery,3179.37,tablet,credit,0
3272.52,2023-08-16 19:36:50,CA,online,restaurant,4014.75,mobile,credit,0
3335.44,2023-08-28 00:45:38,CA,in-store,restaurant,288.72,tablet,credit,1
3872.45,2023-04-19 08:17:16,DE,international,grocery,1339.38,desktop,debit,0
258.74,2023-04-08 14:04:16,US,international,grocery,3792.23,desktop,debit,1
1923.61,2023-02-01 22:08:46,US,online,electronics,2157.75,desktop,debit,0
1200.09,2023-09-12 17:24:56,DE,in-store,electronics,755.26,mobile,credit,1
398.13,2023-02-19 17:41:41,US,in-store,electronics,1064.1,tablet,credit,0
4739.35,2023-09-19 18:48:31,CA,in-store,clothing,1568.55,tablet,credit,0
435.59,2023-05-29 15:41:34,US,international,grocery,1190.05,tablet,debit,0
936.95,2023-03-16 09:49:30,UK,international,electronics,149.19,desktop,credit,1
4786.23,2023-10-10 20:46:59,UK,in-store,clothing,1750.45,desktop,debit,0
2238.96,2023-03-03 07:05:28,US,online,grocery,1314.66,desktop,debit,1
3933.93,2023-06-17 22:21:26,DE,in-store,electronics,4513.05,tablet,debit,1
2137.49,2023-07-28 15:32:53,DE,in-store,grocery,2499.9,tablet,credit,1
3144.14,2023-09-08 00:53:36,US,in-store,electronics,2858.63,tablet,credit,1
2960.11,2023-04-29 17:41:34,DE,online,clothing,4307.2,desktop,credit,1
4785.86,2023-01-31 12:25:42,UK,in-store,restaurant,4888.67,tablet,debit,1
2448.75,2023-06-03 13:51:50,CA,international,grocery,2491.84,mobile,debit,1
3396.59,2023-10-24 18:37:26,CA,online,electronics,2415.4,mobile,debit,1
4969.4,2023-04-21 04:59:01,DE,international,grocery,1272.77,tablet,debit,1
793.38,2023-06-04 02:16:58,DE,in-store,grocery,3690.55,tablet,debit,0
203.5,2023-08-27 08:52:03,CA,online,restaurant,762.14,desktop,debit,0
663.71,2023-04-26 00:22:09,US,in-store,electronics,3489.71,mobile,credit,0
151.92,2023-07-03 23:20:12,UK,in-store,restaurant,1558.15,mobile,credit,0
1641.84,2023-08-08 08:56:35,CA,in-store,grocery,607.44,tablet,debit,1
953.46,2023-01-03 14:30:41,DE,in-store,electronics,4865.16,desktop,credit,0
4833.68,2023-06-12 09:33:08,CA,in-store,restaurant,4790.23,tablet,credit,0
4942.58,2023-10-01 12:41:25,CA,in-store,clothing,2396.76,mobile,credit,0
4508.09,2023-10-15 03:04:10,UK,online,restaurant,451.14,tablet,credit,0
1210.18,2023-04-19 10:43:34,DE,in-store,restaurant,1489.19,desktop,credit,1
349.18,2023-09-26 18:18:10,UK,online,clothing,3605.88,desktop,credit,1
1278.4,2023-09-30 02:46:31,US,international,grocery,3104.5,desktop,debit,0
1879.01,2023-06-30 20:05:45,CA,online,grocery,3520.55,tablet,credit,1
3360.19,2023-02-11 19:34:54,US,online,electronics,2606.81,mobile,credit,0
3053.41,2023-02-11 10:48:16,CA,international,grocery,1725.39,mobile,credit,0
2872.0,2023-05-12 11:16:35,UK,international,grocery,4242.0,desktop,credit,1
2013.65,2023-10-14 05:51:43,CA,international,grocery,4669.76,tablet,debit,1
1561.72,2023-02-26 21:22:47,UK,in-store,clothing,4886.49,tablet,debit,0
3549.73,2023-07-23 02:36:36,CA,international,restaurant,4788.34,tablet,debit,0
3494.72,2023-01-13 00:03:22,US,in-store,grocery,2427.69,mobile,credit,1
1916.99,2023-10-22 12:53:20,DE,online,grocery,4732.28,tablet,debit,1
535.86,2023-08-02 12:30:58,CA,in-store,electronics,2051.88,mobile,credit,1
3703.46,2023-03-31 15:19:19,CA,in-store,restaurant,4481.39,mobile,debit,1
3984.12,2023-08-16 09:27:48,US,in-store,electronics,2029.5,desktop,credit,1
4241.13,2023-06-30 16:03:23,DE,in-store,clothing,589.09,tablet,credit,0
2291.13,2023-08-25 07:48:15,UK,in-store,restaurant,1579.35,desktop,credit,1
4326.76,2023-05-05 07:20:55,DE,online,grocery,1157.19,desktop,debit,1
673.66,2023-05-24 09:25:11,UK,online,restaurant,453.59,desktop,credit,0
1596.52,2023-06-25 13:13:45,DE,international,electronics,4557.98,tablet,debit,0
2461.89,2023-03-26 08:25:21,DE,in-store,clothing,4017.4,tablet,debit,1
1194.38,2023-03-28 21:45:56,UK,international,electronics,1849.53,desktop,credit,1
3930.41,2023-08-09 09:02:40,UK,in-store,clothing,4133.4,tablet,debit,0
888.37,2023-07-08 06:33:59,UK,international,clothing,967.03,mobile,debit,1
1591.92,2023-07-26 16:09:01,UK,in-store,restaurant,3892.82,mobile,debit,0
677.62,2023-10-29 11:05:49,UK,international,electronics,687.62,mobile,credit,1
1573.01,2023-04-29 16:46:56,DE,international,electronics,4712.42,mobile,debit,1
2182.56,2023-03-15 04:48:30,DE,in-store,restaurant,3414.11,desktop,debit,1
3294.67,2023-08-05 06:26:12,US,international,clothing,2822.42,tablet,debit,0
4058.13,2023-08-09 10:16:20,US,international,electronics,2312.84,tablet,credit,1
3582.6,2023-07-10 19:31:06,CA,in-store,restaurant,2736.85,mobile,debit,0
1686.05,2023-08-19 16:32:35,CA,international,electronics,108.41,desktop,credit,0
734.55,2023-05-18 01:03:33,US,international,clothing,2049.59,mobile,credit,0
1786.54,2023-05-03 07:25:40,CA,in-store,grocery,4503.21,tablet,debit,1
2452.67,2023-10-14 23:21:35,CA,online,clothing,1459.26,tablet,debit,1
4426.62,2023-05-07 13:37:00,US,online,grocery,1049.19,tablet,credit,1
889.55,2023-10-02 13:31:37,US,international,grocery,3509.83,tablet,credit,1
3029.5,2023-08-27 21:28:20,CA,international,grocery,1732.29,mobile,debit,0
3614.73,2023-09-07 17:22:20,US,online,grocery,485.68,tablet,debit,0
81.75,2023-02-13 09:40:47,US,online,electronics,273.9,desktop,debit,1
126.77,2023-02-02 23:22:29,CA,online,electronics,1610.81,desktop,credit,1
4424.19,2023-08-07 16:08:19,US,in-store,grocery,1925.24,desktop,debit,1
1861.31,2023-07-03 16:50:57,UK,international,clothing,3130.28,mobile,credit,0
3468.59,2023-10-23 09:35:35,DE,international,clothing,3261.96,tablet,debit,1
4109.57,2023-09-04 12:18:15,DE,online,grocery,939.12,tablet,credit,1
1329.32,2023-03-20 05:26:50,US,online,electronics,955.14,tablet,debit,0
3537.71,2023-03-15 03:36:49,DE,international,clothing,3477.62,desktop,debit,1
810.61,2023-05-05 00:01:27,UK,international,electronics,1701.09,tablet,credit,0
1796.36,2023-05-06 00:09:58,DE,international,electronics,1397.21,tablet,credit,1
3569.77,2023-05-21 01:32:28,CA,online,clothing,3054.04,desktop,debit,0
3556.39,2023-01-19 22:34:00,UK,in-store,clothing,1719.94,mobile,debit,1
354.18,2023-10-16 00:43:17,DE,international,restaurant,4980.85,desktop,debit,1
1046.59,2023-03-01 09:26:43,US,in-store,restaurant,2322.37,mobile,credit,0
1837.05,2023-08-10 01:53:29,CA,international,clothing,3842.37,tablet,debit,0
4097.13,2023-07-05 03:02:28,DE,in-store,restaurant,1470.22,mobile,debit,1
2516.53,2023-10-03 09:13:55,US,international,restaurant,905.33,tablet,debit,0
1477.65,2023-09-26 04:11:14,DE,international,grocery,1968.22,mobile,debit,0
1820.77,2023-04-29 12:28:17,US,international,restaurant,1137.98,desktop,credit,1
3624.38,2023-07-21 01:15:35,UK,online,restaurant,187.91,mobile,credit,1
2140.74,2023-03-25 00:35:18,DE,in-store,restaurant,2154.65,desktop,credit,1
2590.52,2023-08-04 19:07:02,US,online,electronics,3095.14,mobile,credit,1
604.89,2023-04-19 18:02:33,DE,international,restaurant,1712.48,mobile,credit,0
2352.46,2023-10-21 09:28:42,US,online,clothing,2520.52,tablet,credit,0
865.5,2023-06-01 10:09:28,CA,in-store,electronics,4503.04,mobile,credit,0
4579.7,2023-03-08 14:56:01,CA,in-store,clothing,2868.78,tablet,debit,1
3115.37,2023-10-05 18:33:50,DE,online,restaurant,2327.41,desktop,debit,1
4611.24,2023-04-12 17:40:55,UK,international,electronics,4202.27,desktop,credit,0
164.35,2023-02-16 21:42:47,CA,in-store,clothing,1587.73,desktop,debit,0
2957.56,2023-06-09 16:15:19,CA,in-store,clothing,3402.56,desktop,debit,1
4811.29,2023-03-28 06:17:00,CA,online,electronics,385.62,tablet,debit,0
3018.8,2023-05-12 20:52:30,US,international,clothing,3951.75,desktop,debit,0
3774.1,2023-09-13 22:04:09,US,in-store,grocery,3630.34,tablet,debit,1
4632.91,2023-03-17 06:21:34,DE,international,grocery,778.12,tablet,credit,0
4676.0,2023-03-24 18:32:42,UK,in-store,electronics,4476.92,tablet,debit,0
2097.41,2023-03-15 14:31:11,DE,in-store,restaurant,1586.57,mobile,debit,1
469.23,2023-02-21 03:47:12,DE,in-store,electronics,2634.6,tablet,credit,0
3800.74,2023-09-12 19:50:24,DE,online,electronics,3147.79,mobile,credit,1
4922.49,2023-07-24 13:29:21,CA,international,grocery,4191.54,desktop,debit,0
1444.56,2023-06-03 10:41:56,US,online,electronics,2816.09,mobile,credit,1
3541.07,2023-09-05 11:34:09,DE,online,clothing,537.92,mobile,credit,1
2213.32,2023-07-24 03:02:12,UK,online,grocery,4838.65,mobile,debit,0
2323.4,2023-09-14 04:06:33,UK,online,grocery,1981.47,tablet,credit,0
2566.16,2023-01-18 19:51:59,UK,in-store,restaurant,3506.06,tablet,credit,0
3984.55,2023-09-30 06:40:02,DE,in-store,electronics,3827.85,tablet,credit,1
298.99,2023-09-08 12:02:41,DE,online,restaurant,758.55,desktop,credit,1
2642.09,2023-04-10 08:48:24,UK,in-store,grocery,853.04,mobile,debit,1
2171.75,2023-02-21 14:10:20,CA,online,restaurant,1972.18,mobile,debit,0
1527.44,2023-08-06 18:17:42,DE,online,electronics,1173.22,tablet,credit,1
48.14,2023-05-25 19:46:42,DE,online,grocery,998.26,mobile,debit,1
2528.51,2023-02-27 20:26:38,US,online,electronics,3848.01,mobile,debit,1
4163.57,2023-10-02 23:04:46,DE,online,restaurant,4005.78,tablet,debit,1
983.27,2023-06-30 03:27:43,DE,in-store,restaurant,4600.56,mobile,credit,1
3882.97,2023-03-07 08:28:19,US,in-store,clothing,1200.8,mobile,debit,1
913.87,2023-10-03 16:50:33,US,international,restaurant,1382.77,tablet,credit,0
2521.99,2023-10-10 12:49:50,DE,in-store,grocery,1495.88,mobile,credit,0
1790.68,2023-05-26 06:54:49,CA,online,grocery,4514.49,tablet,debit,0
1159.56,2023-02-09 12:09:41,UK,international,clothing,2639.66,tablet,debit,0
4587.91,2023-03-12 09:05:14,US,international,grocery,4486.82,mobile,debit,0
224.26,2023-09-16 01:40:38,UK,in-store,electronics,992.24,mobile,debit,0
1937.44,2023-06-18 20:40:32,US,online,clothing,293.22,tablet,credit,0
1799.7,2023-08-11 04:18:27,UK,international,grocery,4798.92,tablet,debit,0
4594.16,2023-06-28 14:43:28,CA,international,electronics,2869.07,tablet,credit,1
1593.68,2023-03-09 11:04:27,DE,international,clothing,1986.04,tablet,credit,0
1067.49,2023-02-16 02:01:45,UK,in-store,clothing,3760.07,desktop,credit,0
4289.66,2023-04-20 19:46:27,DE,in-store,clothing,3523.13,mobile,credit,1
357.37,2023-10-26 12:33:10,DE,in-store,grocery,375.84,tablet,credit,1
1764.9,2023-06-03 10:33:48,US,international,restaurant,4335.2,mobile,debit,1
242.6,2023-04-25 12:36:28,US,international,restaurant,3202.63,tablet,debit,0
3492.48,2023-10-27 13:40:32,DE,international,electronics,2923.74,tablet,credit,1
3877.39,2023-06-12 03:54:05,UK,in-store,clothing,3310.94,mobile,credit,1
1618.84,2023-06-26 08:55:09,US,in-store,clothing,1910.66,desktop,debit,0
2562.64,2023-01-04 22:14:28,DE,online,restaurant,4066.22,tablet,credit,0
4300.49,2023-07-26 21:24:35,UK,in-store,grocery,4255.34,tablet,debit,0
2967.81,2023-04-08 21:59:50,DE,international,clothing,3428.54,mobile,credit,0
4948.25,2023-04-27 18:56:42,US,international,grocery,3350.33,tablet,credit,1
1113.23,2023-02-02 13:55:43,CA,online,clothing,4126.37,desktop,credit,0
3197.87,2023-02-08 17:16:18,CA,in-store,grocery,3935.69,tablet,credit,1
4299.25,2023-07-06 12:57:24,DE,in-store,grocery,513.83,tablet,debit,0
3971.12,2023-03-10 02:12:58,CA,online,electronics,4165.84,tablet,debit,0
382.04,2023-04-08 13:26:04,US,in-store,grocery,211.6,desktop,debit,1
3066.45,2023-02-12 14:35:57,CA,in-store,grocery,637.72,desktop,debit,0
1734.42,2023-02-01 13:43:49,US,online,grocery,141.97,desktop,credit,1
1211.47,2023-08-22 01:17:15,DE,international,restaurant,458.75,tablet,debit,0
2639.66,2023-08-19 06:34:54,US,in-store,electronics,375.63,desktop,debit,1
4038.34,2023-06-23 19:08:38,US,international,grocery,2396.17,desktop,credit,0
4728.16,2023-08-16 00:11:46,CA,in-store,electronics,843.81,desktop,credit,0
3913.33,2023-01-20 21:39:17,CA,international,grocery,4318.51,desktop,credit,0
1353.91,2023-05-07 06:29:50,US,online,clothing,2218.34,mobile,credit,0
4865.56,2023-03-26 00:49:26,US,in-store,grocery,2711.84,desktop,debit,1
164.28,2023-03-02 05:13:41,DE,online,clothing,1115.59,desktop,credit,0
839.68,2023-05-05 22:55:20,CA,online,electronics,2810.65,mobile,credit,0
3142.91,2023-03-08 12:03:14,UK,international,clothing,1101.38,mobile,credit,0
4313.68,2023-06-16 11:14:33,DE,online,electronics,2358.66,mobile,debit,1
3590.88,2023-05-23 20:06:01,DE,international,clothing,1297.8,mobile,debit,1
2757.98,2023-08-03 13:26:25,CA,online,clothing,4643.76,mobile,credit,1
3777.53,2023-04-04 14:31:15,CA,international,grocery,1493.75,mobile,debit,0
1351.91,2023-10-23 15:16:19,UK,international,clothing,4720.71,desktop,credit,1
990.71,2023-09-12 00:08:45,DE,international,electronics,2380.15,tablet,credit,0
2481.72,2023-06-30 04:01:19,UK,in-store,grocery,4192.0,mobile,debit,0
1560.48,2023-03-08 12:50:43,CA,international,grocery,3631.07,desktop,debit,0
3702.65,2023-02-04 13:12:27,UK,international,clothing,3775.4,mobile,credit,1
2291.12,2023-10-03 23:21:26,CA,in-store,restaurant,4758.52,tablet,debit,0
877.55,2023-10-19 02:40:51,UK,international,grocery,204.92,mobile,debit,0
4195.56,2023-08-20 01:28:12,CA,international,restaurant,1774.64,desktop,debit,0
1902.39,2023-03-08 21:05:02,US,in-store,clothing,3528.7,mobile,debit,1
3111.53,2023-03-25 03:48:03,DE,international,restaurant,3457.69,tablet,credit,1
3040.82,2023-04-19 12:48:38,UK,online,clothing,3899.03,desktop,debit,1
3704.57,2023-06-21 19:40:34,CA,international,grocery,1610.21,desktop,debit,0
874.24,2023-02-14 09:34:21,CA,international,grocery,3714.6,mobile,credit,1
1449.59,2023-03-04 22:35:17,DE,in-store,grocery,506.53,tablet,credit,1
1818.78,2023-10-10 15:15:02,CA,online,electronics,3156.95,tablet,debit,0
4238.02,2023-06-13 03:26:08,US,in-store,clothing,2360.4,tablet,credit,0
1450.45,2023-07-31 18:42:57,DE,in-store,grocery,4471.23,desktop,debit,1
3014.07,2023-03-01 15:34:45,CA,in-store,grocery,2913.85,mobile,debit,1
2741.17,2023-04-30 05:01:31,CA,online,restaurant,4002.73,desktop,debit,0
3530.93,2023-07-28 18:10:15,CA,international,grocery,1549.64,mobile,credit,0
1160.28,2023-03-24 12:42:25,CA,international,clothing,3475.81,tablet,debit,1
1584.96,2023-04-20 21:49:22,CA,online,clothing,3378.17,desktop,debit,0
1857.99,2023-08-19 17:04:05,CA,international,grocery,3948.74,mobile,credit,1
4069.83,2023-08-04 10:17:24,DE,international,electronics,1993.37,tablet,credit,0
1283.04,2023-02-24 21:08:15,CA,online,restaurant,3057.36,tablet,debit,1
4982.29,2023-06-12 06:40:43,US,online,electronics,2562.48,tablet,credit,0
2696.82,2023-05-09 07:10:00,US,in-store,grocery,2584.61,mobile,debit,1
4708.55,2023-04-25 14:23:47,UK,in-store,restaurant,1911.4,mobile,debit,1
2445.88,2023-04-05 22:21:00,CA,in-store,electronics,3740.98,mobile,debit,0
3504.76,2023-06-20 18:26:14,US,in-store,electronics,2424.99,tablet,credit,0
3312.38,2023-07-05 06:35:50,US,in-store,restaurant,4648.1,tablet,credit,0
4079.69,2023-04-19 08:11:23,UK,online,grocery,3374.28,desktop,credit,1
1520.84,2023-07-10 08:12:09,CA,in-store,grocery,3907.24,desktop,credit,1
4308.68,2023-03-03 02:26:42,UK,international,grocery,2677.49,tablet,debit,0
1682.16,2023-05-16 19:57:35,DE,online,clothing,1729.39,tablet,debit,0
3773.13,2023-08-12 00:02:08,CA,in-store,grocery,2757.05,desktop,debit,1
3400.48,2023-04-28 07:17:24,CA,international,restaurant,4598.63,desktop,credit,1
1099.34,2023-07-06 16:56:55,CA,in-store,electronics,1407.6,mobile,debit,1
2034.99,2023-03-23 19:04:46,UK,online,restaurant,566.36,mobile,credit,1
4682.75,2023-05-16 16:39:22,CA,online,restaurant,1121.53,desktop,debit,0
1731.48,2023-08-08 01:19:41,CA,international,restaurant,4763.21,desktop,credit,0
2663.12,2023-03-08 19:57:57,US,online,electronics,2253.22,mobile,debit,1
1752.85,2023-01-01 09:51:37,UK,in-store,clothing,1416.64,desktop,debit,1
967.33,2023-03-09 09:30:34,UK,in-store,clothing,1325.23,tablet,debit,0
2426.84,2023-04-14 14:16:46,UK,online,electronics,3345.14,desktop,debit,1
4307.94,2023-10-29 04:28:12,UK,international,grocery,472.82,tablet,credit,1
3894.04,2023-08-19 17:36:23,US,online,grocery,3930.45,mobile,credit,0
3563.15,2023-02-14 15:29:08,US,online,grocery,3524.74,tablet,debit,0
4219.79,2023-09-23 03:55:05,CA,online,electronics,2734.99,desktop,debit,1
931.31,2023-04-09 07:32:32,CA,international,restaurant,1813.23,mobile,debit,1
2143.45,2023-05-30 08:39:28,CA,online,electronics,4209.77,mobile,debit,1
2271.73,2023-01-18 05:32:58,CA,online,restaurant,3424.18,tablet,credit,1
4514.13,2023-02-23 18:14:31,UK,international,electronics,1461.23,mobile,credit,0
385.85,2023-02-25 10:04:49,CA,in-store,restaurant,3425.39,desktop,credit,1
3082.68,2023-08-18 10:19:55,DE,online,grocery,1964.83,tablet,credit,0
3612.31,2023-03-31 00:33:58,US,international,clothing,4550.83,mobile,debit,1
1360.2,2023-06-14 14:33:17,DE,international,electronics,3327.77,mobile,credit,0
4155.49,2023-10-29 23:16:32,US,international,clothing,400.33,desktop,credit,1
2662.75,2023-05-07 08:04:22,CA,online,electronics,2033.87,tablet,debit,1
3737.2,2023-06-09 20:48:39,DE,international,restaurant,2687.4,mobile,credit,1
3820.39,2023-07-20 11:04:16,CA,online,electronics,556.75,desktop,debit,1
1156.9,2023-01-23 03:23:02,US,international,electronics,1304.43,desktop,debit,1
1726.55,2023-01-22 07:12:52,DE,international,clothing,3161.47,tablet,credit,1
527.84,2023-07-22 23:36:58,DE,in-store,clothing,3605.4,desktop,debit,1
1575.96,2023-08-22 10:10:15,UK,online,clothing,3391.31,tablet,credit,1
3572.61,2023-08-26 02:18:37,UK,in-store,restaurant,1746.87,mobile,credit,0
4745.17,2023-02-12 19:16:02,UK,international,clothing,2144.06,desktop,credit,1
1813.44,2023-03-06 05:35:38,US,in-store,clothing,931.8,desktop,credit,0
3984.56,2023-10-06 19:10:05,US,in-store,grocery,1065.01,tablet,debit,0
2795.36,2023-07-16 19:27:53,UK,online,electronics,4586.13,desktop,credit,0
2548.41,2023-08-06 20:14:16,US,online,grocery,2190.42,tablet,debit,1
3060.16,2023-10-10 22:45:21,DE,online,restaurant,3491.5,mobile,debit,0
4306.41,2023-09-17 09:46:24,UK,online,clothing,3550.45,tablet,credit,0
3859.59,2023-05-13 21:01:05,CA,international,clothing,507.25,mobile,credit,1
2178.19,2023-05-28 11:51:13,DE,international,restaurant,2534.28,mobile,credit,1
161.05,2023-06-24 03:44:11,CA,online,restaurant,2176.28,desktop,debit,1
4292.34,2023-07-26 10:52:07,UK,international,clothing,2547.41,desktop,credit,0
3460.41,2023-05-27 16:59:41,US,online,restaurant,1456.52,desktop,debit,1
781.07,2023-01-14 16:31:51,DE,in-store,restaurant,1799.14,mobile,credit,1
788.54,2023-04-10 06:51:08,US,in-store,grocery,692.62,desktop,debit,0
2499.73,2023-02-14 07:20:21,US,in-store,clothing,4449.82,tablet,credit,0
2667.19,2023-04-26 17:51:52,UK,in-store,clothing,432.96,desktop,debit,0
3855.9,2023-04-08 22:59:20,UK,in-store,grocery,4665.5,tablet,debit,1
4367.83,2023-07-21 21:16:36,UK,in-store,clothing,3876.79,desktop,credit,0
1068.33,2023-09-09 00:43:44,CA,international,restaurant,2925.64,desktop,credit,1
226.17,2023-06-15 07:41:32,UK,international,grocery,2947.62,mobile,credit,0
3565.65,2023-02-15 17:41:08,UK,online,grocery,2490.53,tablet,credit,0
1038.64,2023-07-20 12:47:34,CA,in-store,clothing,470.62,tablet,credit,1
495.94,2023-03-17 10:55:32,UK,in-store,electronics,535.17,desktop,credit,0
3278.56,2023-05-30 02:11:24,US,in-store,clothing,1332.79,desktop,credit,0
139.38,2023-02-20 22:43:55,UK,international,grocery,1146.66,desktop,debit,1
1319.81,2023-08-23 05:30:42,CA,international,electronics,355.92,desktop,debit,0
3002.36,2023-06-21 15:51:13,CA,online,grocery,4008.02,desktop,debit,1
2873.06,2023-10-03 15:37:29,DE,international,restaurant,959.78,tablet,credit,1
1519.29,2023-10-13 11:28:14,CA,international,electronics,4998.58,tablet,credit,0
3415.64,2023-07-15 01:15:17,UK,online,grocery,4792.83,mobile,credit,0
160.16,2023-06-11 20:16:30,UK,online,grocery,2962.97,desktop,debit,1
3979.85,2023-05-15 14:19:12,US,international,restaurant,917.41,mobile,debit,0
460.99,2023-01-30 01:35:31,CA,international,electronics,1324.87,tablet,credit,1
4400.19,2023-06-03 01:45:55,CA,online,clothing,3140.32,mobile,debit,0
4915.72,2023-03-18 20:56:21,US,international,clothing,4301.81,mobile,credit,1
3195.43,2023-01-24 19:18:21,DE,in-store,clothing,2885.37,tablet,debit,0
4337.47,2023-07-28 04:19:11,CA,in-store,clothing,4503.42,mobile,credit,0
361.01,2023-03-20 03:50:10,US,international,clothing,2305.9,desktop,debit,0
1029.21,2023-05-10 14:15:45,DE,in-store,clothing,3088.93,tablet,debit,1
4805.85,2023-07-10 23:30:49,UK,online,grocery,4655.12,desktop,credit,0
4158.53,2023-10-27 06:07:58,UK,online,clothing,3248.32,desktop,debit,0
2780.97,2023-10-08 16:16:58,US,in-store,clothing,2389.56,mobile,debit,0
4933.11,2023-06-16 12:12:52,US,online,clothing,3617.83,tablet,debit,0
594.31,2023-04-27 20:49:14,US,international,grocery,1828.45,desktop,credit,0
888.48,2023-04-15 18:33:53,DE,international,grocery,4471.51,desktop,credit,1
2991.79,2023-01-11 12:39:14,CA,online,grocery,4849.25,desktop,credit,0
2490.64,2023-08-16 04:18:30,US,online,restaurant,4665.75,desktop,credit,0
2347.33,2023-05-29 07:20:36,US,in-store,grocery,2201.46,mobile,credit,1
32.67,2023-03-13 05:52:12,UK,international,clothing,1017.32,desktop,debit,0
4785.74,2023-06-01 02:42:55,US,online,clothing,3265.65,tablet,debit,1
928.5,2023-06-10 04:44:09,UK,international,electronics,1491.58,desktop,credit,0
2032.85,2023-06-13 09:26:01,CA,international,restaurant,2535.22,mobile,debit,1
3781.41,2023-03-14 09:17:02,CA,online,restaurant,2063.53,desktop,credit,0
461.04,2023-02-24 11:49:18,UK,in-store,electronics,762.51,tablet,debit,0
2498.72,2023-01-28 14:39:55,US,online,clothing,2675.0,mobile,credit,0
513.86,2023-01-22 09:05:49,DE,in-store,grocery,3217.75,mobile,debit,0
3985.5,2023-06-16 21:13:12,CA,in-store,restaurant,4205.12,mobile,credit,0
182.2,2023-01-13 16:14:51,UK,international,clothing,3190.07,tablet,debit,0
4349.2,2023-10-03 22:03:08,US,online,restaurant,1977.22,tablet,credit,1
1.81,2023-02-02 15:27:21,CA,international,electronics,2491.49,tablet,credit,0
4809.83,2023-10-16 06:00:07,US,in-store,electronics,4519.59,desktop,debit,1
374.23,2023-03-14 11:12:20,UK,in-store,grocery,1616.15,desktop,credit,1
4439.29,2023-10-16 15:57:05,US,international,electronics,1571.89,desktop,credit,1
3969.99,2023-04-07 02:08:37,US,online,clothing,3446.19,desktop,credit,1
4911.31,2023-04-13 06:17:06,US,online,grocery,256.7,desktop,credit,0
494.77,2023-10-01 09:59:48,DE,online,electronics,4433.09,desktop,debit,1
1085.34,2023-01-11 04:55:02,UK,in-store,electronics,4789.31,desktop,credit,1
1026.61,2023-06-13 10:02:42,DE,international,restaurant,1494.32,desktop,credit,0
4885.62,2023-04-01 12:18:31,CA,international,restaurant,3959.5,desktop,debit,1
2013.89,2023-07-26 22:35:22,UK,in-store,electronics,3997.0,tablet,debit,0
498.46,2023-02-09 15:49:53,DE,online,clothing,4882.59,mobile,credit,0
1731.63,2023-09-26 01:14:25,US,in-store,restaurant,687.1,desktop,debit,1
693.88,2023-03-18 04:42:30,UK,international,clothing,3063.54,mobile,credit,0
2624.22,2023-02-28 13:03:09,CA,international,electronics,904.58,tablet,credit,1
2326.41,2023-07-13 01:54:59,DE,in-store,clothing,1273.74,mobile,debit,1
4434.0,2023-03-07 10:57:24,US,online,electronics,2724.27,mobile,credit,1
787.01,2023-06-06 10:39:26,UK,in-store,clothing,703.31,desktop,credit,0
212.83,2023-01-13 09:01:21,CA,international,electronics,3667.56,mobile,debit,0
1069.76,2023-05-24 02:34:00,UK,international,clothing,3744.38,tablet,debit,0
1308.22,2023-10-24 20:45:32,DE,online,grocery,1421.43,desktop,debit,0
406.26,2023-03-07 23:07:24,US,international,clothing,4698.39,tablet,credit,0
3318.06,2023-04-11 03:13:25,US,in-store,restaurant,264.11,desktop,credit,0
878.74,2023-07-19 09:25:08,US,international,clothing,2202.88,desktop,credit,1
2178.52,2023-07-17 03:28:13,DE,in-store,clothing,873.84,tablet,credit,0
2937.61,2023-05-11 05:29:47,US,in-store,electronics,448.55,mobile,credit,0
1916.61,2023-06-15 09:59:02,CA,online,electronics,4729.53,desktop,debit,0
2576.39,2023-05-12 17:49:18,CA,in-store,clothing,4911.04,desktop,credit,0
1528.47,2023-08-12 07:52:06,DE,international,electronics,3922.0,desktop,debit,1
2734.69,2023-01-19 15:39:10,US,online,restaurant,3381.1,tablet,credit,1
2319.31,2023-10-09 06:35:41,UK,online,restaurant,4177.78,mobile,debit,0
1098.91,2023-08-06 03:54:09,US,international,electronics,2699.33,mobile,debit,1
4093.2,2023-01-16 09:10:14,DE,in-store,electronics,4485.68,desktop,credit,0
859.34,2023-02-22 16:31:32,CA,online,clothing,1926.44,mobile,debit,1
1340.79,2023-07-11 13:08:09,US,in-store,electronics,4068.01,desktop,debit,0
2001.52,2023-07-30 06:20:14,CA,in-store,restaurant,904.58,tablet,credit,0
1616.47,2023-03-12 09:13:50,CA,in-store,restaurant,1866.46,tablet,credit,0
1198.36,2023-09-09 08:29:10,CA,international,clothing,3021.45,desktop,credit,0
2392.87,2023-02-12 07:58:01,UK,in-store,clothing,4762.22,mobile,credit,1
4870.69,2023-04-17 17:00:15,DE,in-store,grocery,1670.34,tablet,debit,0
2068.46,2023-01-20 11:48:30,UK,online,electronics,3117.32,desktop,credit,1
686.97,2023-10-29 22:29:53,UK,online,clothing,908.65,mobile,debit,0
4520.61,2023-09-09 12:38:59,UK,in-store,grocery,3936.83,tablet,credit,0
3149.32,2023-10-16 02:16:54,UK,in-store,clothing,2203.45,desktop,debit,1
2926.05,2023-02-12 15:12:52,US,international,grocery,2821.81,desktop,debit,1
4391.28,2023-09-02 21:25:44,UK,international,clothing,4821.96,desktop,credit,1
2335.74,2023-02-21 20:17:55,DE,in-store,grocery,2958.09,tablet,credit,1
4463.2,2023-02-19 10:52:41,DE,international,clothing,970.38,desktop,debit,0
4764.35,2023-05-02 23:31:48,UK,international,clothing,444.49,mobile,debit,1
462.74,2023-08-08 05:40:01,US,online,grocery,862.94,mobile,debit,1
358.31,2023-10-27 02:39:34,UK,online,electronics,1803.91,mobile,debit,0
3081.66,2023-05-29 21:41:33,DE,in-store,restaurant,741.65,desktop,debit,1
147.23,2023-05-02 21:41:04,US,in-store,clothing,821.37,tablet,credit,1
4482.93,2023-02-23 11:53:56,CA,online,restaurant,720.55,desktop,debit,1
1291.09,2023-02-06 11:44:11,UK,in-store,electronics,4127.51,mobile,credit,1
4091.71,2023-02-20 01:50:44,US,in-store,electronics,224.59,mobile,credit,1
3811.18,2023-09-23 06:24:05,DE,in-store,clothing,1192.1,mobile,credit,0
1324.51,2023-04-01 09:41:05,DE,in-store,grocery,2043.85,mobile,credit,1
1460.37,2023-09-29 09:55:45,UK,international,restaurant,3224.94,desktop,credit,1
771.97,2023-09-24 16:20:20,UK,in-store,grocery,3120.48,tablet,debit,0
2280.54,2023-06-29 01:49:48,US,online,grocery,471.94,mobile,debit,0
2312.68,2023-01-14 12:35:03,DE,online,electronics,2892.45,desktop,credit,0
4103.31,2023-02-05 20:25:35,DE,in-store,electronics,2157.97,mobile,credit,0
865.81,2023-07-11 06:45:58,UK,in-store,clothing,1028.07,tablet,debit,0
542.25,2023-04-16 18:06:51,US,international,electronics,781.57,mobile,debit,1
4497.53,2023-08-31 23:46:01,US,online,restaurant,2761.27,desktop,credit,0
1386.01,2023-08-11 18:47:11,CA,online,electronics,318.23,tablet,credit,1
4037.88,2023-02-28 20:17:01,US,international,electronics,4653.76,tablet,debit,0
1513.3,2023-02-08 14:12:52,UK,international,clothing,120.96,tablet,debit,0
4202.77,2023-04-21 10:46:19,US,international,grocery,691.42,mobile,credit,1
1968.27,2023-10-19 09:54:35,US,international,grocery,1785.81,mobile,credit,1
2526.72,2023-05-25 09:13:11,US,international,grocery,1020.58,mobile,debit,0
2211.5,2023-05-14 20:45:12,US,international,electronics,4608.49,desktop,credit,1
1325.82,2023-08-12 04:02:54,US,in-store,electronics,4867.92,desktop,credit,0
1818.3,2023-05-14 17:17:22,UK,online,grocery,136.18,tablet,credit,1
1367.65,2023-03-16 08:39:04,UK,online,grocery,2190.93,mobile,debit,1
2280.77,2023-09-27 01:38:23,US,international,electronics,3056.74,desktop,credit,1
1883.48,2023-05-24 21:11:58,CA,online,restaurant,3257.67,tablet,debit,1
2826.1,2023-02-01 22:44:29,DE,in-store,clothing,4370.57,desktop,credit,1
4991.93,2023-03-05 10:33:42,CA,online,electronics,641.87,tablet,credit,1
2001.26,2023-10-11 14:53:32,DE,in-store,electronics,3963.83,tablet,debit,1
905.35,2023-08-06 21:34:58,CA,online,clothing,3239.32,tablet,credit,0
4151.08,2023-10-23 03:57:21,US,international,clothing,4574.9,mobile,credit,1
860.06,2023-04-12 15:42:43,US,in-store,clothing,2330.81,tablet,debit,0
3694.95,2023-06-19 14:00:15,US,international,electronics,1170.93,mobile,debit,0
827.52,2023-06-07 03:28:38,DE,online,electronics,765.05,mobile,debit,0
2330.5,2023-01-04 02:57:01,US,online,grocery,178.64,mobile,debit,1
3222.05,2023-08-23 19:22:56,US,in-store,grocery,3524.08,mobile,credit,0
1653.32,2023-06-03 02:12:03,DE,international,electronics,1987.8,mobile,debit,0
2823.89,2023-07-25 00:43:17,UK,international,grocery,3187.73,mobile,debit,0
2847.74,2023-02-18 08:06:33,DE,international,grocery,3600.41,mobile,credit,1
2228.35,2023-10-30 16:21:14,UK,online,clothing,3474.13,desktop,debit,0
4307.78,2023-10-28 14:35:55,DE,in-store,electronics,4463.85,desktop,credit,1
1185.09,2023-04-30 12:50:40,UK,online,clothing,3120.95,mobile,debit,1
1429.74,2023-06-05 09:29:24,US,online,grocery,726.91,desktop,debit,0
1106.41,2023-01-20 00:30:35,UK,online,electronics,2809.9,mobile,credit,0
2930.25,2023-06-15 15:31:38,DE,online,clothing,2285.66,tablet,debit,1
4123.1,2023-02-15 09:37:35,UK,in-store,clothing,1688.49,tablet,credit,1
1870.6,2023-07-10 21:46:37,DE,international,electronics,2008.05,tablet,debit,0
3090.48,2023-05-29 11:15:08,DE,international,electronics,2008.07,desktop,debit,1
2342.73,2023-08-26 01:18:17,UK,international,grocery,790.21,tablet,credit,0
1396.63,2023-01-22 04:48:42,CA,international,grocery,564.27,tablet,debit,0
453.75,2023-03-29 05:42:39,DE,international,electronics,558.01,desktop,credit,0
175.29,2023-07-02 09:32:16,US,in-store,clothing,1902.89,tablet,credit,0
1520.52,2023-03-25 17:09:55,UK,in-store,grocery,304.25,mobile,credit,0
541.58,2023-03-22 22:14:11,DE,in-store,restaurant,2124.39,mobile,debit,1
1552.35,2023-02-06 13:02:41,US,international,clothing,1416.81,mobile,debit,0
1377.78,2023-05-05 00:59:41,DE,international,clothing,1213.3,mobile,credit,0
3852.78,2023-05-20 03:53:43,CA,online,clothing,1968.81,mobile,credit,0
212.22,2023-01-26 17:06:44,CA,international,restaurant,2922.08,tablet,debit,1
4566.89,2023-08-09 19:40:13,US,international,restaurant,1267.75,mobile,debit,1
4446.91,2023-01-07 23:34:46,CA,international,electronics,310.88,tablet,debit,1
168.97,2023-10-13 17:45:29,UK,international,grocery,1585.88,desktop,debit,1
995.77,2023-03-13 12:48:09,US,online,restaurant,1787.95,desktop,debit,0
4434.12,2023-07-11 15:01:16,CA,in-store,electronics,4066.46,tablet,debit,0
1522.35,2023-10-19 23:08:09,UK,in-store,grocery,3288.97,desktop,debit,1
4973.89,2023-06-23 02:00:29,CA,online,electronics,1822.27,mobile,debit,1
1185.31,2023-04-18 09:46:44,US,international,electronics,1730.01,tablet,credit,0
1195.64,2023-01-24 17:57:01,US,in-store,clothing,488.63,mobile,credit,1
3943.13,2023-05-27 03:17:39,DE,international,restaurant,2393.68,desktop,debit,1
4751.67,2023-01-20 17:22:13,CA,in-store,restaurant,3038.31,tablet,credit,1
3445.57,2023-07-14 11:06:42,UK,in-store,electronics,4712.53,desktop,credit,0
2258.03,2023-09-11 05:23:33,US,international,restaurant,3951.83,desktop,debit,1
4933.23,2023-10-01 15:20:44,US,international,electronics,4489.76,desktop,credit,1
1610.15,2023-05-12 18:14:41,DE,international,electronics,4323.86,desktop,credit,0
986.33,2023-03-25 12:48:43,CA,online,electronics,2783.28,mobile,debit,1
145.4,2023-07-14 10:56:43,CA,international,restaurant,3628.02,mobile,debit,0
4268.68,2023-06-26 06:54:00,CA,international,electronics,2396.95,mobile,credit,1
1013.06,2023-09-05 01:45:24,UK,online,clothing,1809.21,tablet,credit,1
3786.64,2023-04-30 09:08:52,DE,in-store,clothing,1943.45,mobile,credit,0
4946.68,2023-10-10 22:00:14,DE,in-store,clothing,895.71,tablet,credit,1
808.05,2023-07-20 11:48:09,CA,online,electronics,2785.28,desktop,credit,1
1565.94,2023-08-03 21:35:09,UK,international,clothing,2273.32,desktop,credit,1
1184.87,2023-07-22 09:09:08,UK,online,restaurant,3203.25,mobile,credit,1
4972.93,2023-04-15 01:59:55,US,online,electronics,4989.76,mobile,credit,1
2863.08,2023-04-07 10:15:15,US,international,clothing,2374.97,tablet,credit,1
3726.02,2023-10-26 22:13:00,DE,in-store,grocery,4452.96,tablet,debit,0
3244.84,2023-08-04 12:54:20,US,international,restaurant,3099.55,desktop,credit,0
2342.52,2023-10-25 14:38:44,DE,international,restaurant,243.77,desktop,credit,0
2998.35,2023-08-12 12:21:47,UK,in-store,restaurant,4802.78,desktop,debit,1
2946.14,2023-06-08 06:54:34,US,in-store,electronics,4617.12,tablet,credit,1
1647.8,2023-05-04 07:03:29,UK,online,clothing,2342.42,mobile,credit,1
2266.17,2023-05-22 20:18:01,US,online,restaurant,2282.56,mobile,debit,1
3463.9,2023-07-01 12:41:08,UK,online,clothing,252.96,desktop,debit,1
3111.14,2023-01-27 05:29:43,DE,international,electronics,510.36,mobile,debit,1
3933.32,2023-04-15 09:02:43,CA,in-store,electronics,3519.51,desktop,debit,0
371.89,2023-10-07 12:51:16,CA,international,electronics,4314.23,mobile,debit,1
1329.63,2023-03-05 04:27:11,CA,in-store,clothing,3568.45,tablet,credit,1
368.54,2023-06-10 06:31:45,UK,international,restaurant,4123.33,mobile,credit,1
452.15,2023-08-15 15:34:22,CA,international,clothing,939.81,tablet,credit,1
1790.7,2023-10-23 13:31:04,UK,international,restaurant,110.49,desktop,credit,0
3556.25,2023-01-02 10:20:59,US,online,restaurant,3642.49,tablet,credit,0
2633.92,2023-05-12 04:14:44,US,international,grocery,4076.12,mobile,credit,1
4443.01,2023-09-26 08:00:52,UK,in-store,clothing,4841.73,mobile,credit,1
1644.09,2023-02-02 04:54:23,DE,online,electronics,3972.19,mobile,credit,1
3867.54,2023-04-04 15:07:17,US,online,grocery,1230.35,tablet,credit,1
450.56,2023-04-10 04:50:23,DE,online,electronics,1099.92,mobile,debit,0
2020.87,2023-09-08 05:25:01,US,online,electronics,1769.12,mobile,credit,1
2764.73,2023-10-25 04:30:26,UK,international,electronics,2309.49,mobile,credit,0
3573.05,2023-03-11 21:04:20,UK,international,electronics,1682.13,desktop,credit,0
780.76,2023-03-09 06:47:46,CA,online,electronics,4632.32,tablet,credit,0
3504.41,2023-02-20 02:36:10,CA,international,grocery,161.03,mobile,debit,0
3849.09,2023-08-16 05:59:04,US,online,restaurant,386.09,mobile,debit,0
1791.0,2023-01-24 05:43:14,DE,international,clothing,4681.6,tablet,debit,1
3375.2,2023-02-23 13:41:19,DE,online,restaurant,4641.22,mobile,credit,1
2442.06,2023-03-04 01:09:53,UK,international,grocery,4821.1,mobile,credit,1
3085.71,2023-05-28 05:06:17,DE,in-store,clothing,1579.87,tablet,debit,1
2445.34,2023-06-06 06:08:57,DE,online,clothing,1360.93,desktop,credit,1
4458.48,2023-03-02 19:11:30,CA,online,electronics,688.6,tablet,credit,1
4787.44,2023-09-11 09:54:01,UK,international,restaurant,4082.36,mobile,debit,1
2034.74,2023-04-02 19:28:09,DE,online,electronics,1725.06,mobile,credit,0
562.2,2023-04-03 09:07:48,UK,international,clothing,2199.53,desktop,credit,1
4867.23,2023-08-09 15:01:51,DE,online,electronics,1044.53,tablet,credit,0
4691.74,2023-01-31 01:35:16,CA,international,electronics,4595.87,desktop,debit,1
1045.5,2023-05-18 18:48:03,US,online,electronics,3886.09,tablet,credit,1
1774.19,2023-05-28 20:02:58,DE,in-store,grocery,2699.72,desktop,credit,1
1463.29,2023-08-22 08:09:39,CA,in-store,clothing,481.2,desktop,debit,0
2061.36,2023-04-10 11:17:49,US,in-store,clothing,1755.42,mobile,credit,0
3285.39,2023-09-23 14:58:30,CA,international,grocery,112.62,desktop,credit,1
2213.22,2023-03-12 23:24:43,CA,online,electronics,2211.33,mobile,credit,1
824.28,2023-04-01 19:32:15,CA,in-store,electronics,4565.8,mobile,debit,0
868.8,2023-06-21 23:00:06,US,in-store,grocery,3954.33,tablet,debit,1
4854.6,2023-07-09 11:12:05,DE,in-store,grocery,3192.08,mobile,debit,1
3972.83,2023-09-02 14:44:43,CA,online,electronics,921.12,mobile,credit,0
4149.15,2023-04-10 15:35:58,US,international,restaurant,286.28,tablet,debit,1
2661.41,2023-03-08 21:32:58,DE,international,electronics,4748.18,desktop,credit,0
4422.44,2023-02-24 07:08:16,CA,international,restaurant,4314.86,mobile,debit,0
722.25,2023-02-18 08:39:34,CA,international,restaurant,3810.94,mobile,credit,1
475.56,2023-10-13 12:28:37,DE,online,restaurant,4071.85,mobile,credit,0
4212.91,2023-02-26 11:34:47,UK,online,electronics,1189.25,mobile,credit,0
2921.45,2023-01-03 04:00:30,DE,online,restaurant,764.11,tablet,debit,1
4406.32,2023-02-28 09:31:50,UK,in-store,grocery,1222.69,desktop,debit,0
994.83,2023-09-08 11:16:56,UK,international,clothing,2327.85,mobile,debit,1
2711.13,2023-08-07 22:05:19,US,international,grocery,1540.62,mobile,credit,1
1524.93,2023-06-18 19:48:04,UK,international,restaurant,3905.76,mobile,credit,1
1920.73,2023-04-14 08:01:23,US,international,grocery,4988.83,tablet,credit,1
415.72,2023-06-11 07:07:19,CA,in-store,restaurant,3933.34,desktop,credit,0
3921.48,2023-01-10 20:47:39,US,international,grocery,4012.37,mobile,credit,1
4097.66,2023-10-26 04:47:17,CA,international,grocery,3206.57,mobile,debit,0
1044.11,2023-01-14 05:55:56,US,online,electronics,1132.03,tablet,credit,1
4845.23,2023-10-23 10:00:39,DE,online,grocery,4733.86,desktop,debit,1
1960.07,2023-04-11 11:56:39,DE,international,clothing,2930.4,tablet,credit,1
2132.99,2023-08-16 00:10:50,DE,international,electronics,2753.62,mobile,debit,0
4721.07,2023-06-29 03:24:38,US,international,grocery,708.51,mobile,credit,0
1949.34,2023-01-01 23:17:26,CA,online,grocery,3484.08,tablet,debit,1
3391.25,2023-09-23 21:43:48,US,online,electronics,2492.94,tablet,credit,1
220.82,2023-05-31 18:10:31,CA,international,grocery,4293.51,tablet,debit,1
4889.75,2023-01-07 12:57:46,CA,online,electronics,3007.96,tablet,credit,0
4260.45,2023-03-25 18:26:29,DE,in-store,grocery,625.86,tablet,credit,1
3046.78,2023-04-13 15:40:47,DE,in-store,restaurant,2823.23,tablet,debit,1
2358.48,2023-04-22 16:03:55,UK,international,restaurant,3042.38,tablet,credit,1
2711.72,2023-01-20 14:37:04,CA,online,electronics,3607.62,mobile,debit,0
2358.85,2023-02-21 06:00:59,US,in-store,electronics,263.49,desktop,credit,1
2809.72,2023-09-28 19:13:36,US,international,grocery,4305.21,desktop,credit,0
410.56,2023-04-11 22:27:24,DE,in-store,electronics,262.94,mobile,debit,1
2559.9,2023-01-03 14:26:14,CA,in-store,electronics,1862.86,tablet,debit,1
1234.71,2023-10-25 04:33:50,DE,international,clothing,714.83,tablet,credit,1
3492.55,2023-06-26 20:41:55,CA,international,grocery,3499.95,mobile,debit,1
2794.97,2023-08-18 13:59:14,CA,online,electronics,3457.54,tablet,credit,1
4718.49,2023-09-02 05:40:36,UK,international,electronics,2899.56,desktop,debit,0
2618.26,2023-02-10 06:23:49,CA,international,electronics,302.3,tablet,credit,0
2362.63,2023-07-02 22:03:42,DE,in-store,restaurant,987.77,tablet,credit,1
4669.58,2023-07-19 06:21:49,UK,in-store,grocery,1416.41,tablet,credit,0
1942.51,2023-03-17 08:54:54,US,international,clothing,1540.41,tablet,credit,0
1871.84,2023-05-08 12:53:01,CA,international,grocery,3248.45,desktop,credit,1
1655.76,2023-02-22 20:52:52,CA,online,clothing,3244.34,mobile,debit,1
2611.8,2023-04-22 15:40:17,US,international,grocery,2699.24,tablet,debit,1
3802.98,2023-07-20 14:37:25,CA,in-store,restaurant,1912.75,desktop,credit,1
783.91,2023-01-25 18:13:13,US,in-store,restaurant,4125.26,tablet,credit,1
3036.96,2023-07-15 04:46:33,US,in-store,restaurant,664.1,tablet,debit,1
3656.28,2023-05-10 00:03:33,CA,in-store,grocery,879.34,tablet,credit,0
2252.2,2023-05-31 15:38:21,DE,international,restaurant,1368.89,tablet,debit,1
645.45,2023-05-22 14:44:41,UK,in-store,clothing,3437.46,desktop,credit,1
117.83,2023-06-30 15:49:45,DE,online,clothing,4162.62,mobile,debit,0
4568.49,2023-06-19 03:50:01,CA,online,restaurant,1917.95,tablet,debit,1
3514.37,2023-01-08 17:25:28,DE,online,grocery,1939.04,mobile,debit,0
4237.03,2023-08-03 22:22:54,US,international,grocery,4283.13,tablet,credit,0
1750.31,2023-09-09 13:38:00,CA,online,electronics,4992.36,mobile,credit,1
282.29,2023-07-20 01:25:17,CA,in-store,grocery,2521.63,mobile,credit,1
138.35,2023-10-29 02:08:10,DE,international,grocery,4270.19,mobile,credit,1
2632.07,2023-02-06 16:05:46,US,online,electronics,2162.88,tablet,credit,1
3982.4,2023-05-30 16:54:38,US,online,electronics,1834.31,tablet,debit,0
1045.89,2023-08-06 18:03:52,DE,online,grocery,1528.29,desktop,credit,0
3524.98,2023-02-25 00:01:31,UK,international,grocery,319.36,tablet,debit,0
4828.39,2023-09-21 22:00:09,CA,in-store,electronics,775.65,mobile,credit,1
1227.67,2023-10-26 00:36:35,CA,in-store,restaurant,4047.99,desktop,credit,1
1766.88,2023-07-28 06:18:55,DE,international,electronics,1296.73,tablet,credit,1
1672.78,2023-08-10 22:17:27,DE,international,clothing,4538.48,desktop,debit,1
2989.19,2023-07-27 04:16:04,DE,online,clothing,1663.05,tablet,credit,1
4110.07,2023-08-16 15:03:36,DE,online,electronics,3852.26,desktop,debit,1
2916.64,2023-05-20 19:25:37,DE,international,clothing,2468.69,desktop,debit,0
1996.33,2023-05-08 02:08:38,UK,international,restaurant,1386.9,tablet,credit,1
80.25,2023-07-26 06:33:01,CA,international,clothing,1224.95,mobile,credit,0
3646.16,2023-04-16 02:10:16,DE,online,restaurant,3242.45,desktop,debit,1
1940.38,2023-04-15 22:30:57,US,online,grocery,709.84,tablet,credit,1
2863.06,2023-04-16 07:31:57,CA,international,electronics,2252.4,mobile,debit,1
4729.15,2023-04-29 12:40:23,US,online,electronics,4431.38,tablet,credit,1
511.48,2023-06-07 02:42:38,UK,international,clothing,480.84,desktop,debit,1
3978.97,2023-09-13 01:54:21,US,in-store,restaurant,3125.34,mobile,credit,1
2175.53,2023-10-24 21:25:35,UK,online,electronics,2648.93,tablet,debit,1
614.0,2023-08-14 09:07:08,UK,in-store,grocery,3759.45,desktop,debit,0
1586.91,2023-09-22 04:59:20,UK,in-store,restaurant,1430.34,mobile,credit,1
3349.04,2023-01-02 20:36:16,US,international,clothing,1152.2,tablet,debit,1
3397.32,2023-05-05 20:12:05,UK,in-store,restaurant,1073.72,desktop,debit,1
3060.3,2023-04-07 07:34:48,UK,online,electronics,4875.61,mobile,credit,0
1145.63,2023-01-30 20:16:33,US,online,restaurant,1580.43,mobile,credit,1
3440.7,2023-01-31 17:17:16,UK,international,restaurant,3396.39,desktop,credit,1
3735.27,2023-10-15 09:47:42,UK,international,electronics,2037.85,tablet,credit,0
2939.16,2023-08-20 03:13:52,UK,international,restaurant,4016.25,mobile,debit,1
683.08,2023-05-18 02:18:24,CA,international,restaurant,466.48,mobile,credit,0
4703.7,2023-06-07 18:06:42,DE,international,restaurant,4876.19,tablet,debit,0
497.4,2023-07-13 10:19:35,CA,in-store,restaurant,2537.59,tablet,credit,0
4298.95,2023-05-01 22:33:06,US,international,electronics,4581.54,tablet,debit,0
3708.96,2023-09-14 14:57:52,UK,international,clothing,3787.15,desktop,credit,0
4524.29,2023-08-04 19:09:41,DE,international,electronics,3605.37,mobile,credit,0
1956.59,2023-06-10 14:35:05,US,online,restaurant,1152.82,tablet,debit,0
4851.51,2023-01-18 23:14:58,CA,in-store,restaurant,1605.75,mobile,credit,1
3685.67,2023-04-21 08:48:26,DE,international,grocery,4209.0,mobile,credit,1
3050.35,2023-06-01 05:40:42,UK,international,electronics,4349.77,tablet,credit,1
3776.75,2023-10-08 14:53:40,UK,international,electronics,1209.86,tablet,debit,1
4986.92,2023-08-04 16:05:40,DE,in-store,clothing,4988.18,tablet,debit,1
3809.95,2023-03-15 00:00:27,DE,online,electronics,1820.55,tablet,credit,1
1238.36,2023-09-20 01:32:55,CA,international,grocery,291.71,mobile,debit,0
2243.95,2023-04-02 08:05:34,CA,international,clothing,787.81,desktop,debit,0
3783.88,2023-03-12 15:19:59,US,online,grocery,1262.09,mobile,debit,1
2445.52,2023-07-06 18:15:47,UK,online,restaurant,1337.52,desktop,debit,1
2851.38,2023-07-17 04:40:09,US,in-store,grocery,2123.29,mobile,credit,0
2299.94,2023-10-23 18:56:19,UK,international,grocery,1343.37,mobile,credit,1
3057.91,2023-08-01 23:52:36,CA,online,restaurant,675.54,desktop,credit,0
1361.16,2023-02-11 17:07:25,UK,online,clothing,1776.21,desktop,credit,1
13.8,2023-07-13 23:35:29,UK,international,grocery,3088.45,tablet,debit,0
1330.52,2023-02-06 09:16:09,CA,international,grocery,4102.78,desktop,credit,1
3607.14,2023-06-14 00:04:07,UK,online,grocery,4705.4,desktop,credit,0
4557.53,2023-03-21 02:07:50,DE,international,restaurant,2228.05,mobile,credit,0
4372.04,2023-03-31 20:40:36,US,in-store,clothing,2245.83,desktop,credit,1
2893.57,2023-05-12 09:40:09,CA,international,grocery,4720.13,tablet,debit,0
4868.19,2023-07-27 12:57:00,CA,online,electronics,1116.55,mobile,debit,0
4337.55,2023-06-04 23:21:36,DE,online,restaurant,2351.61,mobile,debit,1
3636.18,2023-09-12 17:25:13,UK,online,clothing,529.4,desktop,credit,0
3858.21,2023-05-01 20:36:11,CA,in-store,clothing,4706.75,desktop,credit,0
737.49,2023-02-02 23:19:12,CA,international,electronics,849.5,mobile,credit,0
4471.01,2023-07-21 20:47:25,US,in-store,grocery,759.33,tablet,debit,0
2564.8,2023-05-25 14:38:06,UK,online,clothing,4817.19,mobile,credit,0
1677.91,2023-03-28 07:00:46,DE,online,clothing,1665.26,tablet,credit,0
1192.71,2023-02-16 07:40:08,UK,online,clothing,3320.28,desktop,debit,1
4726.98,2023-04-26 23:11:42,US,online,restaurant,1043.24,mobile,credit,1
77.21,2023-05-04 02:31:45,CA,international,restaurant,2897.21,desktop,credit,1
4813.33,2023-05-21 00:23:41,UK,online,restaurant,4235.07,mobile,credit,1
3270.32,2023-07-20 00:05:50,DE,international,clothing,2472.14,desktop,debit,0
4898.02,2023-08-10 03:23:41,CA,in-store,electronics,1603.39,mobile,debit,0
3439.13,2023-07-24 07:24:06,UK,international,restaurant,2991.92,mobile,credit,0
2955.14,2023-09-22 22:31:16,UK,in-store,grocery,3774.36,tablet,credit,0
3302.75,2023-09-24 11:07:13,US,online,restaurant,3273.34,mobile,credit,1
1245.67,2023-03-25 22:54:34,US,in-store,electronics,3487.33,desktop,credit,1
3590.2,2023-03-07 01:55:09,UK,in-store,clothing,2722.68,mobile,credit,1
2731.71,2023-09-07 21:15:51,DE,international,clothing,4864.76,tablet,credit,1
10.28,2023-08-30 09:45:54,CA,online,electronics,3249.97,mobile,credit,0
223.52,2023-02-14 03:56:37,DE,online,electronics,3282.57,mobile,credit,0
3948.0,2023-09-26 03:11:26,DE,in-store,grocery,1814.65,mobile,debit,1
2472.9,2023-09-16 10:44:21,UK,online,clothing,4893.24,desktop,debit,0
4895.21,2023-04-16 00:32:30,UK,in-store,grocery,341.79,tablet,debit,0
2159.1,2023-02-28 05:38:22,DE,online,restaurant,4017.27,desktop,debit,1
2980.88,2023-09-01 09:54:26,CA,international,electronics,2122.89,desktop,debit,1
1323.44,2023-07-28 15:39:49,CA,online,grocery,3936.38,mobile,credit,1
1976.15,2023-02-27 19:20:59,UK,international,grocery,1445.42,mobile,debit,0
1836.58,2023-02-02 14:34:25,US,online,clothing,4068.93,desktop,credit,0
4632.7,2023-08-01 22:15:02,CA,international,clothing,2475.38,desktop,debit,0
3456.01,2023-08-21 23:51:42,US,online,restaurant,2573.45,desktop,debit,1
4707.57,2023-03-21 05:31:13,DE,online,grocery,2232.4,mobile,credit,1
2600.33,2023-07-21 18:47:27,CA,international,restaurant,1723.59,tablet,credit,0
301.24,2023-05-14 15:56:43,US,in-store,restaurant,1949.81,tablet,debit,0
1690.0,2023-04-10 05:14:41,CA,international,restaurant,1882.39,tablet,debit,1
1345.48,2023-09-09 02:18:07,UK,online,electronics,2821.83,mobile,credit,0
4864.45,2023-03-25 17:30:30,CA,in-store,grocery,374.53,tablet,debit,0
3638.97,2023-03-10 13:37:34,US,in-store,restaurant,443.73,tablet,debit,1
36.34,2023-07-30 03:27:03,DE,international,clothing,186.88,tablet,debit,0
3152.84,2023-05-20 21:47:25,DE,in-store,grocery,4447.23,desktop,debit,0
1921.61,2023-02-11 01:15:53,US,online,restaurant,4911.1,tablet,credit,0
1556.03,2023-06-13 20:26:31,CA,online,grocery,302.58,desktop,credit,0
2145.45,2023-09-09 23:37:10,US,in-store,grocery,1204.45,desktop,debit,1
4827.5,2023-04-26 05:17:06,CA,in-store,restaurant,3582.43,mobile,debit,1
4399.62,2023-06-28 18:34:28,US,online,restaurant,741.08,desktop,debit,1
3127.9,2023-04-29 01:07:18,US,in-store,grocery,2085.49,tablet,debit,0
3056.89,2023-07-03 01:23:32,CA,in-store,electronics,2202.94,desktop,credit,0
3712.44,2023-04-12 18:46:29,DE,in-store,restaurant,4714.87,desktop,debit,1
4946.72,2023-04-11 09:52:17,DE,in-store,grocery,2037.93,tablet,credit,1
1467.5,2023-01-29 16:43:18,CA,online,grocery,3890.26,mobile,debit,0
630.12,2023-01-26 14:45:50,DE,online,grocery,4695.4,mobile,debit,1
4830.28,2023-09-21 19:49:35,US,in-store,grocery,860.12,desktop,credit,1
4471.44,2023-04-05 12:40:02,UK,in-store,restaurant,1475.28,tablet,credit,1
1621.25,2023-10-28 12:05:57,DE,in-store,clothing,3683.4,mobile,credit,0
2873.37,2023-09-12 21:54:29,CA,in-store,grocery,2449.39,mobile,debit,0
2807.81,2023-10-03 00:19:24,UK,online,electronics,1565.19,desktop,debit,1
4287.6,2023-01-03 00:34:13,DE,online,clothing,2533.3,mobile,credit,1
2529.17,2023-07-13 05:21:12,US,international,restaurant,1359.03,desktop,debit,1
1624.42,2023-03-28 20:12:47,UK,in-store,restaurant,4165.76,mobile,credit,0
897.99,2023-06-27 23:34:09,DE,in-store,restaurant,3348.65,tablet,credit,1
2834.16,2023-05-14 19:34:34,DE,in-store,electronics,2676.83,tablet,credit,1
3867.36,2023-02-16 04:39:53,DE,in-store,clothing,4865.69,tablet,debit,0
1414.34,2023-06-13 09:54:40,DE,international,restaurant,460.88,tablet,credit,0
2185.09,2023-02-27 01:03:09,UK,online,clothing,535.39,desktop,debit,1
618.65,2023-05-25 11:25:26,UK,in-store,grocery,1865.55,desktop,credit,1
3579.83,2023-04-07 02:51:26,DE,in-store,restaurant,1699.7,tablet,debit,1
3416.33,2023-06-20 02:08:38,CA,online,clothing,1056.68,mobile,debit,0
4206.11,2023-06-14 13:21:17,DE,in-store,grocery,1674.35,tablet,debit,0
3803.52,2023-08-01 12:13:58,CA,in-store,grocery,3739.64,tablet,debit,1
4246.92,2023-05-03 11:49:02,CA,international,restaurant,1913.84,mobile,credit,1
337.16,2023-02-18 15:47:30,CA,international,restaurant,2730.86,tablet,debit,1
32.13,2023-08-15 08:08:40,UK,international,grocery,2850.63,mobile,credit,1
3417.02,2023-08-31 19:24:49,US,in-store,electronics,3853.28,tablet,debit,1
1553.58,2023-10-25 12:38:18,DE,international,restaurant,2834.38,tablet,credit,1
4664.63,2023-08-01 01:53:19,DE,online,restaurant,4008.45,tablet,debit,1
4560.5,2023-05-30 10:59:41,UK,in-store,grocery,2457.22,tablet,credit,0
4432.41,2023-09-20 10:54:13,CA,online,electronics,734.22,tablet,credit,0
561.82,2023-03-12 02:20:06,CA,online,clothing,1710.46,mobile,credit,1
384.23,2023-04-07 02:55:19,UK,in-store,clothing,100.98,tablet,credit,1
4888.74,2023-09-30 13:41:03,CA,in-store,restaurant,2115.97,tablet,debit,1
3054.95,2023-05-17 22:18:26,DE,online,electronics,4445.96,mobile,credit,1
886.85,2023-07-04 19:51:39,DE,international,grocery,208.1,mobile,debit,0
468.85,2023-06-28 07:10:16,CA,international,grocery,1930.64,mobile,debit,0
1886.08,2023-10-13 20:05:38,UK,in-store,electronics,3230.96,mobile,credit,0
1721.66,2023-05-14 11:06:29,DE,international,electronics,4127.5,tablet,debit,0
4593.0,2023-09-15 09:33:06,DE,international,electronics,1885.37,desktop,credit,0
4477.26,2023-04-17 02:50:46,CA,international,restaurant,3829.88,mobile,credit,0
2041.9,2023-03-03 05:34:10,US,online,grocery,897.12,desktop,debit,0
3801.79,2023-07-24 06:50:50,DE,international,clothing,2444.92,mobile,debit,1
1438.52,2023-06-08 12:58:07,DE,online,electronics,570.3,desktop,debit,0
1820.67,2023-05-01 23:13:14,US,international,electronics,2242.46,desktop,debit,1
4938.65,2023-09-06 06:11:12,DE,in-store,restaurant,3895.18,desktop,credit,1
1374.7,2023-02-23 11:07:38,UK,international,grocery,3516.17,desktop,credit,0
3979.32,2023-02-19 17:06:07,US,international,grocery,2315.72,tablet,credit,0
1931.22,2023-01-18 03:46:44,US,international,grocery,3640.95,mobile,debit,0
1862.54,2023-02-10 12:22:58,DE,in-store,clothing,1613.53,tablet,debit,1
3114.69,2023-04-25 08:55:36,UK,online,electronics,602.08,mobile,credit,0
835.27,2023-01-03 13:31:24,UK,international,grocery,1668.92,mobile,credit,0
1333.83,2023-08-23 05:32:02,US,online,grocery,524.53,desktop,credit,0
4569.7,2023-09-21 05:12:31,DE,online,restaurant,3256.39,tablet,credit,0
4537.98,2023-07-27 14:20:58,CA,international,clothing,173.16,tablet,credit,0
4782.58,2023-01-03 17:46:34,US,international,restaurant,4408.51,desktop,credit,0
4855.98,2023-03-30 23:43:19,US,in-store,restaurant,207.21,mobile,credit,1
4756.93,2023-04-22 01:00:49,US,in-store,grocery,3452.98,desktop,credit,1
2982.49,2023-08-06 21:21:36,UK,online,grocery,4300.97,mobile,debit,0
3699.79,2023-04-10 15:46:37,UK,international,grocery,1945.91,tablet,debit,0
968.24,2023-02-27 23:48:30,DE,online,clothing,381.76,desktop,debit,1
3346.19,2023-06-07 11:45:17,CA,in-store,restaurant,4914.19,tablet,debit,1
1793.55,2023-02-19 14:51:09,DE,online,electronics,3589.93,desktop,debit,0
665.9,2023-02-21 05:30:20,UK,in-store,clothing,4192.39,tablet,credit,0
332.83,2023-06-01 23:14:29,UK,in-store,electronics,1367.42,tablet,credit,1
4440.37,2023-01-19 20:48:14,DE,international,electronics,1478.38,desktop,credit,1
845.22,2023-07-26 02:31:01,US,international,grocery,131.74,tablet,debit,1
4691.66,2023-01-06 20:46:43,US,in-store,restaurant,3828.89,mobile,debit,0
2846.67,2023-03-14 05:11:15,DE,online,restaurant,618.49,tablet,debit,1
4233.73,2023-06-20 07:29:00,US,online,grocery,1571.66,mobile,debit,1
1029.31,2023-06-11 13:34:58,US,online,electronics,1306.93,tablet,debit,1
976.3,2023-03-26 00:43:04,DE,international,grocery,3894.12,tablet,debit,0
1921.17,2023-02-22 23:38:53,DE,in-store,restaurant,1390.98,desktop,debit,0
2641.15,2023-09-05 04:02:46,CA,international,electronics,3181.14,desktop,debit,0
4211.87,2023-02-21 12:37:25,DE,online,grocery,4027.54,mobile,credit,1
1645.51,2023-06-11 19:12:10,US,online,grocery,3512.8,tablet,credit,1
1339.8,2023-01-28 12:18:33,CA,in-store,restaurant,390.11,tablet,credit,0
4867.13,2023-02-14 18:04:26,UK,international,clothing,3893.64,desktop,credit,0
648.4,2023-09-05 23:54:09,CA,in-store,restaurant,4423.97,tablet,debit,1
4429.43,2023-05-30 07:04:33,DE,international,restaurant,4437.32,tablet,debit,1
3045.45,2023-08-10 19:26:27,CA,international,clothing,865.91,mobile,credit,0
1327.41,2023-01-31 09:04:44,CA,in-store,electronics,2945.75,desktop,credit,0
2902.17,2023-09-01 01:59:00,CA,online,restaurant,133.37,mobile,credit,0
4587.83,2023-08-22 04:54:15,CA,online,restaurant,4253.22,mobile,debit,1
4596.2,2023-02-17 11:47:04,US,in-store,clothing,2530.36,mobile,debit,1
1959.0,2023-04-25 04:04:38,UK,in-store,electronics,1336.76,mobile,debit,0
2181.28,2023-03-12 02:46:24,CA,in-store,clothing,745.4,mobile,debit,0
53.97,2023-05-13 10:57:47,CA,in-store,electronics,1028.35,desktop,credit,0
4888.52,2023-07-11 13:47:32,UK,in-store,grocery,2802.96,mobile,debit,0
1096.29,2023-06-22 17:16:35,US,international,clothing,2661.83,desktop,debit,1
1401.51,2023-06-19 17:05:19,DE,online,restaurant,771.18,desktop,debit,0
3230.23,2023-06-13 02:01:04,US,international,electronics,1272.82,desktop,debit,1
3656.47,2023-01-22 22:33:18,UK,online,grocery,4485.24,tablet,debit,0
2352.18,2023-03-17 18:24:36,DE,in-store,electronics,303.51,desktop,debit,1
3499.36,2023-03-25 16:12:57,CA,in-store,clothing,1281.2,desktop,debit,1
552.4,2023-02-25 10:46:44,CA,international,grocery,509.99,tablet,credit,0
966.96,2023-02-18 11:34:11,CA,international,clothing,3413.75,tablet,debit,1
2987.55,2023-10-09 10:59:12,UK,international,grocery,3833.11,desktop,debit,1
4995.03,2023-07-15 09:19:55,US,online,restaurant,1617.06,desktop,credit,1
3299.1,2023-01-31 13:25:22,DE,online,grocery,4235.48,desktop,debit,0
1661.05,2023-03-21 16:43:19,UK,international,restaurant,4068.11,tablet,credit,1
4759.36,2023-07-01 19:51:09,CA,international,grocery,773.85,tablet,debit,1
2421.28,2023-01-29 02:59:27,CA,online,restaurant,2386.56,mobile,debit,1
952.72,2023-06-23 11:49:25,UK,international,clothing,3100.8,mobile,debit,0
980.68,2023-07-16 00:39:10,CA,in-store,restaurant,2734.93,desktop,debit,1
1857.23,2023-04-24 09:08:11,US,online,grocery,360.22,mobile,debit,1
399.99,2023-01-15 20:06:59,DE,online,grocery,1866.06,desktop,debit,1
806.03,2023-02-21 13:28:25,DE,in-store,electronics,2998.06,tablet,debit,1
489.64,2023-02-27 23:17:57,UK,in-store,restaurant,3893.64,mobile,credit,1
1458.83,2023-01-13 01:36:42,US,international,grocery,664.52,mobile,debit,0
4234.92,2023-01-06 05:46:37,DE,online,electronics,3879.2,desktop,credit,1
683.52,2023-04-29 05:47:22,US,in-store,grocery,2308.25,mobile,debit,1
1819.54,2023-01-01 00:42:23,DE,in-store,electronics,596.52,tablet,credit,0
488.53,2023-08-10 17:45:59,DE,in-store,restaurant,3329.0,desktop,credit,0
1875.62,2023-08-20 18:03:48,US,online,clothing,2601.8,mobile,debit,1
2028.66,2023-04-28 22:52:28,DE,international,grocery,119.81,mobile,debit,0
3783.99,2023-09-15 12:44:20,UK,in-store,grocery,641.59,mobile,credit,0
638.01,2023-06-16 13:24:10,CA,online,clothing,2124.66,tablet,credit,1
1909.95,2023-01-12 09:07:57,DE,international,clothing,1959.83,mobile,credit,0
1697.59,2023-06-06 02:36:22,CA,in-store,electronics,4747.58,tablet,credit,1
4729.98,2023-08-08 13:18:53,UK,online,clothing,701.02,mobile,credit,0
4717.6,2023-04-05 02:44:47,DE,in-store,restaurant,1343.99,mobile,debit,1
3543.37,2023-07-11 20:16:02,DE,online,electronics,1278.54,desktop,credit,1
1661.1,2023-06-10 19:21:55,UK,international,restaurant,1391.68,desktop,credit,1
2221.68,2023-03-08 01:13:25,CA,international,clothing,986.05,tablet,debit,1
1912.14,2023-06-13 15:43:05,UK,international,electronics,1749.45,tablet,credit,0
1321.8,2023-01-14 12:13:39,US,in-store,electronics,4897.14,mobile,credit,1
4845.46,2023-06-10 08:42:52,DE,in-store,restaurant,2022.18,tablet,credit,1
1509.9,2023-06-23 06:08:12,CA,international,restaurant,4673.15,mobile,debit,1
3802.38,2023-04-19 06:58:15,UK,international,clothing,534.61,desktop,debit,0
2294.4,2023-05-21 14:57:15,US,in-store,clothing,1546.25,desktop,debit,1
1279.35,2023-01-30 22:25:40,CA,international,electronics,1915.96,tablet,credit,1
1468.51,2023-09-25 23:09:22,CA,in-store,grocery,2169.68,desktop,debit,0
2905.43,2023-06-20 15:13:27,DE,international,grocery,2720.42,mobile,debit,1
4922.43,2023-03-01 12:51:00,DE,international,grocery,858.18,mobile,credit,1
745.27,2023-08-09 08:03:41,US,international,grocery,370.44,mobile,debit,0
3969.55,2023-04-02 13:52:24,CA,international,grocery,2379.24,desktop,credit,0
4326.97,2023-06-29 05:27:06,CA,online,restaurant,3871.85,desktop,debit,0
904.23,2023-03-02 07:13:36,UK,online,electronics,3937.24,mobile,credit,0
4996.23,2023-02-15 18:24:52,CA,in-store,electronics,3198.31,desktop,credit,1
